Name,Email,Address,Country,dob,Country,Job,Age,Revenue
Jose Jarvis,dustincunningham@example.net,41,"948 James Fall Suite 015
East Tammy, ND 22104",Moldova,1933-07-07,"King, Barron and Scott",Counselling psychologist,41,4495.546675996375
Christopher Alvarez,natashawatson@example.org,77,"954 Jenkins Forest Suite 653
Lake Angela, ND 06397",Swaziland,1911-02-27,Jenkins-Lewis,Banker,77,2101.9852314248037
Daniel Peterson,kristy40@example.net,70,"31814 Greene Passage Apt. 048
North Hollyborough, MH 48661",Montenegro,2012-08-30,"Morgan, Stevenson and Davila",Financial manager,70,2531.7140590197887
Susan Hoffman,kirkcuevas@example.com,83,"64980 Ryan Station
South Andrew, FL 17795",Liechtenstein,1971-08-11,Stephenson LLC,Financial risk analyst,83,8576.859018137884
Jeffery Graham,amberpatterson@example.org,43,"PSC 2891, Box 4888
APO AP 43139",Botswana,1915-03-12,Gonzales-Welch,"Psychologist, counselling",43,4703.630043769816
Kimberly Campbell,williamsdavid@example.net,18,"11629 Hannah Plain
Weeksbury, PR 50892",Martinique,1932-12-09,"Wang, Leon and Stevenson",Warden/ranger,18,6270.77458396321
Sandra Delgado,lisaguerrero@example.net,73,"3713 Cynthia Drive Apt. 467
Port Sarah, AZ 00763",Iran,1928-09-18,Rodriguez Inc,Dietitian,73,9851.650203759495
Emily Walker,joshuagibson@example.net,51,"1312 Barbara Dale Suite 421
East Barbara, IN 39872",Palau,2003-12-02,Howard Group,"Accountant, chartered public finance",51,2908.3260002485317
Brian Sanchez,williamcross@example.net,37,"672 Kevin Port
North Kaitlyn, GU 46040",Canada,1978-01-31,Webster-Brown,Hotel manager,37,9834.262560942696
Dennis Mclaughlin,uphillips@example.com,26,"812 Linda Views Apt. 282
Gainesview, FL 90782",Guatemala,2003-09-17,Chavez-Sanchez,Private music teacher,26,5208.571364829733
Nathan Rose,richardgriffith@example.org,31,"55358 Mccarthy Harbors
Loriview, GU 66907",Greenland,1960-10-18,Berry PLC,Barista,31,8076.934501498562
Kevin Hall,jamesmayer@example.net,39,"5598 Chad Shoals
North Jamesburgh, WA 86817",Greece,2022-12-11,Luna-Singleton,Glass blower/designer,39,7591.726815144468
Sally Johnson,elizabeth15@example.com,69,"887 John Fields Apt. 258
Port Elizabeth, AR 38242",Nauru,2015-02-22,Gomez-Winters,Tourism officer,69,4888.378924315644
Phillip Carter,steven50@example.com,49,"431 Alicia Rue Apt. 995
Lake Elizabethstad, NE 94978",Central African Republic,1945-06-12,"Whitaker, Kelley and Edwards",Dramatherapist,49,1574.08389665208
Jessica Nunez,hollylindsey@example.com,95,"27844 Andrews Road Apt. 333
Lake Thomastown, PR 24655",Palestinian Territory,2019-06-22,Conley and Sons,"Engineer, communications",95,4691.82417111868
Tina Bass,nmathis@example.com,67,"341 Lopez Burg
Townsendmouth, MA 31412",South Africa,1997-11-21,Morton Group,Chief Strategy Officer,67,5889.545935684306
Gregory Jones,ashley09@example.com,90,"21056 Brown Light Apt. 458
Lake Kevin, CO 93475",Angola,1951-02-11,Roman-Berry,Systems analyst,90,6398.140948567334
Jeffrey Garcia,elizabethmurphy@example.net,84,"4710 Jeffrey Shore Apt. 691
Andersonberg, OR 59530",Mali,1975-11-28,"Nelson, Ashley and Haney","Psychologist, sport and exercise",84,6335.839601232484
Katie Diaz,tamara01@example.com,38,"1948 Stephanie Highway Suite 872
South Alexandriamouth, DC 43720",Malawi,1993-07-30,"Phillips, Callahan and Larsen",Hospital doctor,38,2805.805699265833
Mr. Darius Melton,lcunningham@example.net,88,"444 Casey Street Suite 840
South Kim, AL 13733",Malaysia,1936-02-22,"Roberts, Parks and Flynn",Quality manager,88,4574.847999179263
Beverly Garcia,hodgesmia@example.org,27,"38520 Michael Cove
North Kristinburgh, DC 15511",Jamaica,1997-06-19,"Tran, Wilkinson and Arellano","Engineer, energy",27,8433.318996105369
Nicholas Williams,smithsummer@example.com,25,"93647 Hodges Row Apt. 247
Reyesfort, AS 30735",Estonia,1947-07-25,"Johnson, Rose and Buck",Computer games developer,25,9640.086808451444
Tina Hodge,woodtina@example.org,20,"2711 Jason Locks Suite 962
Kevinton, PW 92518",Taiwan,1973-03-14,"Hart, Edwards and Mcbride",Barista,20,3610.6864447454873
Patricia Ward,jjohnson@example.org,18,"Unit 9846 Box 9177
DPO AE 14495",Zimbabwe,2005-07-07,"Conway, Cruz and Williams",Food technologist,18,3694.0667502722877
Deborah Hopkins,andrew27@example.net,32,"00496 Angela Ports Apt. 251
Bradfordborough, NC 37222",Congo,2004-12-13,Wood-Edwards,"Scientist, clinical (histocompatibility and immunogenetics)",32,1056.3411581109985
William Bautista,william72@example.net,46,"80771 Garrett Pines
Thompsonborough, GA 70731",Faroe Islands,1950-10-23,"Brooks, Edwards and Brewer",Arts development officer,46,3735.4912969802695
Ariana Cisneros,davidhorton@example.org,47,"384 Jillian Grove Apt. 301
Savageland, MI 20620",Seychelles,2005-11-04,Wise Group,"Teacher, music",47,8465.477491499205
Kathleen Scott,kylemcdonald@example.org,66,"3034 Olivia Club
South James, NE 73531",Brazil,2011-04-15,"Atkins, Guerrero and Shaw",Visual merchandiser,66,7633.0577693090845
Ryan Wagner,peterwatson@example.net,45,"404 Amanda Shores
Carterland, NH 24898",Estonia,1943-05-30,Carney Group,Minerals surveyor,45,8937.257860495625
Patricia Lopez,mcguirekatherine@example.org,93,"65898 Katherine Ways Suite 103
Farrellburgh, RI 36760",Monaco,1983-10-23,"Jackson, Lee and Park",Camera operator,93,2052.30446521093
Emily Patel,davidowens@example.org,58,"1501 Snyder Neck Suite 710
Holtport, OR 99225",Kiribati,1971-10-15,"Brooks, Owens and Nielsen",Ambulance person,58,5738.741357026374
Robert Davis,bairdjerry@example.com,78,"90224 Kathy Spurs
Lake Michaelchester, NE 06520",Rwanda,1925-03-18,Gutierrez-Quinn,"Designer, jewellery",78,6221.436972120095
James Buchanan,thomas95@example.net,21,"263 Peterson Pine
Andrewland, NC 09238",Haiti,1937-12-06,Chung-Tran,Pensions consultant,21,3602.0946525230743
Jeremy Barrett,debbienguyen@example.net,79,"4886 Eric Knoll
Tamarastad, TX 21566",Myanmar,1972-11-29,"Ward, Gardner and Washington",Applications developer,79,2998.9936980390603
Jonathan Garcia,jenniferferguson@example.com,81,"63244 Catherine Village Apt. 007
East Colleenfort, VA 46688",Benin,1926-07-31,"Curry, Rush and Adkins",Art gallery manager,81,2833.3007902803283
Vicki Cook,ronaldbrooks@example.net,93,"PSC 2118, Box 0801
APO AE 26203",Maldives,1965-07-03,"Martinez, Cisneros and Miller",Minerals surveyor,93,9785.396888373445
Mary Hodges,nmorris@example.net,28,"887 Kelsey Parks Suite 640
West Joshua, OK 10833",Benin,1971-08-16,Castro-Wagner,"Surveyor, mining",28,3016.0123433817284
Timothy Burke,rebecca72@example.net,68,"0192 Connor Trail
Mullinston, PR 12787",Heard Island and McDonald Islands,2005-07-18,"Hill, Kennedy and Mosley","Psychotherapist, dance movement",68,3653.913316512697
Catherine Sanchez,sandrachan@example.com,55,"313 Williams Squares
Andersonberg, NC 63185",Falkland Islands (Malvinas),1983-04-17,Campos and Sons,Site engineer,55,4756.844169025488
Dr. Eric Ellison Jr.,angela06@example.net,58,"2439 Kayla Forest Suite 632
Floresmouth, NE 23848",Iran,1956-11-03,Harris-Conley,"Research officer, trade union",58,6457.6236116213895
George Conley,framirez@example.org,92,"881 Lauren Via
Aliciastad, TX 59118",Algeria,1993-05-06,Ross PLC,Building services engineer,92,8548.174956320592
Shawn Gomez,mary52@example.net,72,"84068 Charles Ramp Suite 362
New Angelahaven, MP 85804",Zambia,1929-03-05,"Stewart, Price and Nelson",Barista,72,1845.6822294834226
Marcia Spencer,gary84@example.com,80,"USNS Nelson
FPO AP 85436",Cuba,1989-07-23,"King, Simmons and Combs",Solicitor,80,2120.642656883194
Cynthia Robinson,paul00@example.org,39,"68300 Howard Points Suite 660
North Karaberg, AL 99322",Gabon,2005-12-07,"Fernandez, Williams and Parks",Research scientist (physical sciences),39,5915.781109855022
William Mitchell,ericrivers@example.net,98,"057 Hardy Forges
Joshuamouth, MH 49849",Niue,1926-07-26,"Rangel, Robinson and Hernandez",English as a second language teacher,98,6748.56433833267
Adam Rojas,wilsonevelyn@example.com,51,"Unit 6206 Box 9894
DPO AE 91737",Korea,1925-07-12,Smith Ltd,Special educational needs teacher,51,6335.795477618834
Erin Rodriguez,rebecca26@example.org,28,"57588 Bradford Stravenue
East Jonathanville, AR 55071",Taiwan,1918-07-01,Cummings LLC,Customer service manager,28,3305.697493624631
Ryan Bell,christopherwilliams@example.com,80,"36320 Matthew Islands Suite 635
Davidberg, PW 47022",North Macedonia,1969-04-19,Baker-James,Medical secretary,80,6003.265848543175
Michael Brock,michael78@example.com,34,"87422 Teresa Views
Matthewburgh, NC 92714",Nicaragua,1952-02-14,Kelly PLC,"Physicist, medical",34,7128.8715385635705
Tommy Bishop,ramirezlatoya@example.com,60,"15244 Escobar Knolls Apt. 417
Barbarashire, VT 51045",Bulgaria,1935-07-03,Lynch-Kennedy,"Designer, blown glass/stained glass",60,8017.068071965077
Tonya Mitchell,wburton@example.org,81,"30281 Lopez Village
South Mario, TN 36911",Finland,1994-08-02,"Nelson, Hoover and Austin",Environmental education officer,81,8428.353008111344
Alexandra Bates,paynesarah@example.net,69,"16536 Shawn Ports
South Hector, FM 71104",Poland,2018-05-06,"Savage, Howard and Cummings",Volunteer coordinator,69,7737.570065632345
James Howe,bjohnson@example.org,32,"95933 Michael Union
New Kevinfurt, NE 93677",British Virgin Islands,1960-01-10,"Wade, Allison and Dyer",Arts administrator,32,3569.324690402294
Michael Howard,kimberly80@example.net,68,"Unit 1351 Box 9039
DPO AA 33450",Botswana,1975-01-03,Johnson-Castillo,Civil Service fast streamer,68,6287.544702663378
Andrew Burns,wangelizabeth@example.net,47,"08572 Lee Grove Suite 275
West Stephanieborough, DC 50522",Haiti,1947-10-11,"Morton, Williams and Porter",Plant breeder/geneticist,47,7817.688897030545
Martha Pineda,rasmussenalexandra@example.net,64,"4454 Valentine Stream
Alechaven, MN 47905",Falkland Islands (Malvinas),1982-09-10,Garcia-Riggs,"Doctor, hospital",64,9302.853401677427
William Wong,brownemily@example.com,80,"28952 Mitchell Fields
Port Aaron, MA 43629",Armenia,1954-11-05,"Morales, Gutierrez and Gonzalez",Radio broadcast assistant,80,2607.673494922688
Eric Graves,melissa35@example.org,29,"60292 Cassidy Landing
New Meghan, PW 59778",Cambodia,1950-11-05,"Mitchell, Hart and Maxwell","Designer, furniture",29,4850.124585938399
Brandon Garrett,sonya17@example.org,85,"676 Martha Mission Suite 479
East Kevinport, TX 36210",Costa Rica,1974-12-10,"Kirby, Fisher and Navarro",Hydrographic surveyor,85,7949.404587455818
Charles Olson,daniel60@example.net,32,"2172 Miller Summit
Smithview, PR 33139",Bulgaria,1963-06-06,Walls and Sons,"Engineer, maintenance (IT)",32,6274.803737664849
Lisa Salinas,andrea37@example.net,27,"PSC 1026, Box 6212
APO AP 08342",Guinea,1952-02-23,Walker-Perez,Geophysicist/field seismologist,27,2580.503094038182
Terry Bishop,marygoodwin@example.org,99,"1423 Heather Underpass Apt. 528
Riosburgh, NC 01925",Bangladesh,1912-10-19,"Curtis, Ritter and Cabrera",Exhibition designer,99,1117.7926629666674
James Ruiz,nichole72@example.com,24,"4073 Wilson Lane Apt. 231
Brittanyport, KY 48566",Mozambique,1975-03-08,Cole-Holmes,Tree surgeon,24,9300.002869296433
Patricia Mendez,birdjacqueline@example.org,31,"6317 Christopher Manors
Andersonville, MA 77181",Guyana,1959-04-06,Howell PLC,"Engineer, site",31,8802.876771628224
Nicholas Hansen,andreastark@example.net,74,"38725 Harper Well
South John, WI 67089",Afghanistan,1976-09-05,Ashley Group,Diplomatic Services operational officer,74,7089.653739188717
Michelle Sullivan,sloancrystal@example.com,54,"9379 Ayala Pike Suite 174
North Robintown, NY 37501",Malta,1943-02-20,"Rhodes, Wright and Williams",Police officer,54,7701.503364220428
Cheryl Harris,libarra@example.net,25,"75184 Joan Mills
Morganmouth, NY 70647",Sweden,2020-05-20,Nguyen-Malone,"Therapist, occupational",25,9778.715130807064
Amanda Juarez,chadgonzalez@example.org,53,"8161 Calhoun Plaza Suite 801
Bassmouth, AL 24274",Tonga,1959-03-01,"Spencer, Mendez and Williams",Training and development officer,53,7364.472808478721
Michael Clark,cruzjohn@example.com,65,"284 Hernandez Valley Apt. 218
North Stevenchester, GU 44930",Israel,1940-02-05,Boyd PLC,Special effects artist,65,9526.312669960658
Donald Burns,clarkjames@example.com,70,"7968 Bowman Freeway Suite 783
Jerrychester, ME 06120",Chad,1942-07-18,Robbins PLC,Oceanographer,70,4055.748967729366
John Harris,davidmyers@example.org,97,"090 Sydney Roads Apt. 358
Sydneyburgh, OH 82779",Grenada,1980-05-24,Harvey PLC,Chief of Staff,97,1941.9399210387462
Matthew Holmes,kristen02@example.net,59,"11255 Steven Cliff
Lake Ashley, VA 55870",Central African Republic,1926-06-15,George Inc,Building services engineer,59,7189.505988387491
Jeremy Fisher,renee93@example.org,50,"35474 Renee Walks Suite 405
New Frances, MN 21495",Bulgaria,1983-07-22,"Webb, Horne and Lane",Agricultural consultant,50,5166.346849313113
Michael Campbell,donna04@example.com,55,"5374 Luke Pine Apt. 736
Port Andreachester, ME 89681",Saint Martin,1927-10-22,Gutierrez PLC,Advertising account executive,55,6601.374895430432
Edward Sherman,teresa92@example.org,59,"392 Charles Rapids Suite 509
Kennethside, SD 79858",Russian Federation,1944-02-16,Barker-Francis,Analytical chemist,59,2438.5629936878245
Jennifer Blair,jamielloyd@example.org,62,"72142 Melissa Burgs Suite 679
Cheyennemouth, MP 93620",Malta,1989-12-01,Gonzalez-Hampton,Maintenance engineer,62,5211.5835819108315
Oscar Taylor,rebecca71@example.org,85,"0756 William Squares Apt. 296
New Kevin, MD 47478",Iraq,1922-08-05,Steele and Sons,Restaurant manager,85,6263.712549758517
Robert Russo,imatthews@example.org,52,"445 Carol Heights
New Joshuaview, NJ 58396",Dominican Republic,1928-11-21,"Lopez, Mccarthy and Mccullough","Engineer, broadcasting (operations)",52,5020.491600174578
Shirley Bell,joe52@example.com,24,"82517 Andrew Square
New Heather, MN 64213",United Kingdom,2011-12-12,Marks-Miller,Sales executive,24,7811.679490370753
Christina Carney,qnichols@example.net,54,"6334 Mary Ranch Suite 445
South Dean, CT 70125",Liberia,1920-02-10,"Moore, Bauer and Daniel",Metallurgist,54,9094.91553639255
Zoe Hicks,hendersonshannon@example.org,40,"52988 Emily Oval
Andersonmouth, CO 13801",Iran,1931-05-23,Davis-Weaver,Music tutor,40,9153.822127809073
Mrs. April Brown,fosterkenneth@example.org,51,"121 Bryan Glen
Burgessville, OR 11516",Mongolia,1981-10-29,Haley-Campbell,Retail manager,51,5560.102546321986
William Barnes,shellylang@example.net,98,"813 Elizabeth Terrace Apt. 862
New Marilyn, OH 33718",Lesotho,1986-11-21,"Haley, Zhang and Livingston","Teacher, adult education",98,2853.800009653207
Nichole Evans,gbrown@example.org,36,"41079 Miranda Creek Suite 784
Joshuastad, MD 08248",Heard Island and McDonald Islands,1979-10-07,"Roman, Pena and Morton","Engineer, electronics",36,5447.751434110641
Katie Villanueva,martin80@example.com,27,"7580 Stacy Field
Mendezview, FM 09273",Cameroon,1941-10-09,"Robinson, Morris and Cruz","Loss adjuster, chartered",27,1277.2051060427311
Herbert Johnson,sanchezjoseph@example.org,54,"84715 Cameron Village Apt. 224
Landryside, LA 93341",Haiti,1948-09-21,Hood Inc,Child psychotherapist,54,3566.4419979369686
Jeremy Hall,ellisdavid@example.org,65,"801 Carpenter Spring Apt. 944
Stewartport, VT 85532",Heard Island and McDonald Islands,1945-12-18,Wilson PLC,Learning mentor,65,3206.7526587026437
Adam Martinez,david82@example.net,74,"24203 April Mall Apt. 821
South Steven, MN 96898",Spain,1941-01-03,"Smith, Porter and Crawford",Metallurgist,74,2405.8609434773607
Stephanie Montgomery,berryjames@example.net,19,"4167 Lewis Trail
Lake Henry, WV 19508",Antigua and Barbuda,1933-04-28,Walker-Cooper,Human resources officer,19,6736.316954986832
Debra Burke,jackjones@example.net,50,"62647 William Shoals Suite 467
Jimmyland, DC 75716",Nigeria,1947-12-14,Smith and Sons,Museum/gallery exhibitions officer,50,7081.142037083628
Jordan Gonzalez,seth18@example.com,75,"6910 Patterson Knoll
South Haley, VT 65440",Belgium,1913-05-01,Turner Ltd,"Embryologist, clinical",75,1965.4319429031502
Michael Cox,timothyparker@example.net,65,"5732 Jessica Park Suite 730
Fosterville, AS 50200",Fiji,1941-07-13,"Brown, Osborn and Davis",Make,65,2965.460173507445
Anthony Sandoval,klawrence@example.net,25,"706 Davis Track
Davisville, CA 60086",Hong Kong,2003-06-10,"Garcia, Hernandez and Munoz","Secretary, company",25,1869.5574857628658
Vanessa Robinson,warewalter@example.org,94,"839 Ebony Wells Apt. 575
Stephaniemouth, MN 78755",Niger,1997-06-22,"Wright, Santos and Jensen",Colour technologist,94,2587.194669149749
Tiffany Wilcox,roberto92@example.net,73,"84369 Weaver Island
Lisamouth, IA 95547",Honduras,1990-06-30,"Caldwell, Ballard and Stevenson",Visual merchandiser,73,4032.6971901666416
Sean Young,donaldramirez@example.net,98,"5072 David Lodge Apt. 869
North Angelachester, WY 27052",Portugal,1917-05-02,Diaz-Jackson,Chief Operating Officer,98,2007.6942323926824
Ebony Salazar,oowens@example.com,47,"06948 Smith Coves
Port Craig, VA 49116",Ireland,2020-09-13,Baker-Sutton,"Engineer, mining",47,8998.897767029543
Mr. Jeffrey Hughes DDS,fhunt@example.com,67,"00431 Jacob Walk
Wilsonville, OR 71167",Kiribati,2022-09-06,"Boyd, Brown and Ross",Clinical psychologist,67,8885.995466219487
Patrick Boyer,richardsontamara@example.com,55,"21567 Porter Common Suite 245
Lake Mary, FM 04052",Austria,1947-12-21,"Oneill, Schultz and Cummings",Speech and language therapist,55,5237.718172678384
Kathleen Jones,tfox@example.com,60,"009 Mcmillan Greens
Lake Catherine, WY 28406",Oman,1917-06-17,Rogers-Garcia,Structural engineer,60,9147.699480499487
